{
  "class_names": [
    "bird",
    "other",
    "plane",
    "superman"
  ],
  "num_classes": 4,
  "entropy_threshold": 0.7,
  "img_size": 224,
  "model_architecture": "resnet18",
  "training_strategy": "two_phase",
  "phase1_epochs": 10,
  "phase2_epochs": 30,
  "phase1_lr": 0.001,
  "phase2_lr": 0.0001,
  "timestamp": "20260209_171829",
  "training_history": {
    "phase1": {
      "train_loss": [
        0.7402192125476886,
        0.4483913942512534,
        0.4293317476794995,
        0.34163565191834866,
        0.3458041562758567,
        0.35436079343953586,
        0.31934340980525705,
        0.36137700459246286,
        0.3039073450078978,
        0.31492703481339523
      ],
      "train_acc": [
        0.7089871611982882,
        0.8437945791726106,
        0.840941512125535,
        0.8787446504992867,
        0.8737517831669045,
        0.8801711840228246,
        0.8880171184022825,
        0.8651925820256776,
        0.8958630527817404,
        0.8894436519258203
      ],
      "val_loss": [
        0.4358411238274791,
        0.21901468627832152,
        0.22726521200754426,
        0.25434448942542076,
        0.22981632788750259,
        0.3005717924203385,
        0.22528591345657,
        0.24843505990098824,
        0.23949957770210775,
        0.22608979461206632
      ],
      "val_acc": [
        0.8352272727272727,
        0.9318181818181819,
        0.9318181818181819,
        0.9261363636363636,
        0.9176136363636364,
        0.9119318181818182,
        0.9346590909090909,
        0.9261363636363636,
        0.9289772727272727,
        0.9289772727272727
      ]
    },
    "phase2": {
      "train_loss": [
        0.3072353308109006,
        0.2309935456845968,
        0.19223465814059879,
        0.15882815745859785,
        0.17179558255022842,
        0.13834344887954533,
        0.17854945223443688,
        0.13088049840570007,
        0.11571886200197413,
        0.10301996399774702,
        0.11440471339752943,
        0.10951253631485681,
        0.12402950722548829,
        0.10336139707822092,
        0.1098600962596511,
        0.08808445637532843,
        0.06833472300039209,
        0.07421777496239258,
        0.09205399145413397,
        0.08684638202371084,
        0.08588142989577989,
        0.09875465120147707,
        0.09507718705140406,
        0.07634379620000868,
        0.06637513956929239,
        0.09160459953521016,
        0.07852712048273454,
        0.0789224867125742,
        0.07046597574262238,
        0.07366648253143769
      ],
      "train_acc": [
        0.8865905848787446,
        0.912981455064194,
        0.9372325249643367,
        0.9450784593437946,
        0.942225392296719,
        0.9479315263908702,
        0.9358059914407989,
        0.9586305278174038,
        0.9621968616262483,
        0.964336661911555,
        0.9572039942938659,
        0.964336661911555,
        0.9600570613409415,
        0.9621968616262483,
        0.9629101283880172,
        0.9657631954350927,
        0.9750356633380884,
        0.9743223965763196,
        0.9650499286733238,
        0.9686162624821684,
        0.9650499286733238,
        0.9671897289586305,
        0.9671897289586305,
        0.9743223965763196,
        0.9757489300998574,
        0.9671897289586305,
        0.9736091298145507,
        0.9664764621968617,
        0.9771754636233951,
        0.9736091298145507
      ],
      "val_loss": [
        0.22972678460858084,
        0.21565751358866692,
        0.18528924357484688,
        0.17261687268249012,
        0.16417245964773677,
        0.19200864688239314,
        0.2105779778212309,
        0.1832343599843708,
        0.18532576864923944,
        0.18977659371342848,
        0.14534261136908422,
        0.17311052182181316,
        0.1753477593037215,
        0.17052892079068857,
        0.1744788863103498,
        0.18656503203832966,
        0.1921378015117212,
        0.1765366698064926,
        0.19319835407341915,
        0.2067833332852884,
        0.20268448374488138,
        0.19702805104580792,
        0.21995610802497884,
        0.1716515116647563,
        0.21481993267397312,
        0.18266123702580278,
        0.2013304896351077,
        0.23476094447753645,
        0.1580389345445755,
        0.1996326700689017
      ],
      "val_acc": [
        0.9204545454545455,
        0.9261363636363636,
        0.9431818181818182,
        0.9431818181818182,
        0.9488636363636364,
        0.9403409090909092,
        0.9431818181818182,
        0.9488636363636364,
        0.9346590909090909,
        0.9460227272727273,
        0.9573863636363636,
        0.9431818181818182,
        0.9431818181818182,
        0.9403409090909092,
        0.9630681818181819,
        0.9545454545454546,
        0.9545454545454546,
        0.9545454545454546,
        0.9488636363636364,
        0.9403409090909092,
        0.9232954545454546,
        0.9488636363636364,
        0.9346590909090909,
        0.9346590909090909,
        0.9375,
        0.9630681818181819,
        0.9488636363636364,
        0.9289772727272727,
        0.9460227272727273,
        0.9517045454545455
      ]
    },
    "train_loss": [
      0.7402192125476886,
      0.4483913942512534,
      0.4293317476794995,
      0.34163565191834866,
      0.3458041562758567,
      0.35436079343953586,
      0.31934340980525705,
      0.36137700459246286,
      0.3039073450078978,
      0.31492703481339523,
      0.3072353308109006,
      0.2309935456845968,
      0.19223465814059879,
      0.15882815745859785,
      0.17179558255022842,
      0.13834344887954533,
      0.17854945223443688,
      0.13088049840570007,
      0.11571886200197413,
      0.10301996399774702,
      0.11440471339752943,
      0.10951253631485681,
      0.12402950722548829,
      0.10336139707822092,
      0.1098600962596511,
      0.08808445637532843,
      0.06833472300039209,
      0.07421777496239258,
      0.09205399145413397,
      0.08684638202371084,
      0.08588142989577989,
      0.09875465120147707,
      0.09507718705140406,
      0.07634379620000868,
      0.06637513956929239,
      0.09160459953521016,
      0.07852712048273454,
      0.0789224867125742,
      0.07046597574262238,
      0.07366648253143769
    ],
    "train_acc": [
      0.7089871611982882,
      0.8437945791726106,
      0.840941512125535,
      0.8787446504992867,
      0.8737517831669045,
      0.8801711840228246,
      0.8880171184022825,
      0.8651925820256776,
      0.8958630527817404,
      0.8894436519258203,
      0.8865905848787446,
      0.912981455064194,
      0.9372325249643367,
      0.9450784593437946,
      0.942225392296719,
      0.9479315263908702,
      0.9358059914407989,
      0.9586305278174038,
      0.9621968616262483,
      0.964336661911555,
      0.9572039942938659,
      0.964336661911555,
      0.9600570613409415,
      0.9621968616262483,
      0.9629101283880172,
      0.9657631954350927,
      0.9750356633380884,
      0.9743223965763196,
      0.9650499286733238,
      0.9686162624821684,
      0.9650499286733238,
      0.9671897289586305,
      0.9671897289586305,
      0.9743223965763196,
      0.9757489300998574,
      0.9671897289586305,
      0.9736091298145507,
      0.9664764621968617,
      0.9771754636233951,
      0.9736091298145507
    ],