{
  "class_names": [
    "bird",
    "plane",
    "superman"
  ],
  "num_classes": 3,
  "confidence_threshold": 0.6,
  "img_size": 224,
  "model_architecture": "resnet18",
  "timestamp": "20260207_223105",
  "training_history": {
    "train_loss": [
      0.6737618567170324,
      0.2417636046538482,
      0.20717689475497683,
      0.25996099472851364,
      0.22459320442096606,
      0.14612360338906985,
      0.10746557950168042,
      0.1307389204566543,
      0.18374236552296458,
      0.21081163412010348
    ],
    "train_acc": [
      0.6993243243243243,
      0.9425675675675675,
      0.9256756756756757,
      0.9054054054054054,
      0.9155405405405406,
      0.9527027027027027,
      0.9695945945945946,
      0.956081081081081,
      0.9121621621621622,
      0.9155405405405406
    ],
    "val_loss": [
      0.18002638883060879,
      0.09278489359551007,
      0.10049021513097817,
      0.19444694814996588,
      0.09019714759455787,
      0.09187005067037211,
      0.08690923617945777,
      0.0931633354889022,
      0.06193966501288944,
      0.11351443433927165
    ],
    "val_acc": [
      0.9583333333333334,
      0.9861111111111112,
      0.9861111111111112,
      0.9305555555555556,
      0.9722222222222222,
      0.9722222222222222,
      0.9861111111111112,
      0.9861111111111112,
      0.9861111111111112,
      0.9722222222222222
    ]
  }
}